{"cameraMode":{"drawMode":0,"name":"Shaded","section":"Shading Mode"},"sceneLighting":true,"audioPlay":false,"sceneViewState":{"showFog":true,"showMaterialUpdate":false,"showSkybox":true,"showFlares":true,"showImageEffects":true,"showParticleSystems":true},"in2DMode":false,"pivot":{"x":0.007822590880095959,"y":0.16575396060943604,"z":0.6518259048461914},"rotation":{"x":0.613817036151886,"y":0.0047358558513224129,"z":-0.0036837959196418525,"w":0.7894302010536194},"size":19.807296752929689,"orthographic":true}