{"cameraMode":{"drawMode":0,"name":"Shaded","section":"Shading Mode"},"sceneLighting":true,"audioPlay":false,"sceneViewState":{"showFog":true,"showMaterialUpdate":false,"showSkybox":true,"showFlares":true,"showImageEffects":true,"showParticleSystems":true},"in2DMode":false,"pivot":{"x":0.47811535000801089,"y":-4.9901628494262699,"z":0.5464590787887573},"rotation":{"x":0.6066648364067078,"y":0.008346065878868103,"z":-0.006370841525495052,"w":0.7948929071426392},"size":25.40648078918457,"orthographic":true}