{"cameraMode":{"drawMode":0,"name":"Shaded","section":"Shading Mode"},"sceneLighting":true,"audioPlay":false,"sceneViewState":{"showFog":true,"showMaterialUpdate":false,"showSkybox":true,"showFlares":true,"showImageEffects":true,"showParticleSystems":true},"in2DMode":false,"pivot":{"x":0.3341491222381592,"y":4.46077823638916,"z":1.9375507831573487},"rotation":{"x":-0.43651923537254336,"y":0.016729818657040597,"z":-0.008119410835206509,"w":-0.8995035886764526},"size":7.111732482910156,"orthographic":false}