{"cameraMode":{"drawMode":0,"name":"Shaded","section":"Shading Mode"},"sceneLighting":false,"audioPlay":false,"sceneViewState":{"showFog":true,"showMaterialUpdate":false,"showSkybox":true,"showFlares":true,"showImageEffects":true,"showParticleSystems":true},"in2DMode":false,"pivot":{"x":2.4225425720214845,"y":186.07476806640626,"z":-302.1000061035156},"rotation":{"x":0.18364037573337556,"y":0.03566336631774902,"z":-0.006783176679164171,"w":0.982358455657959},"size":44.2088623046875,"orthographic":false}